EpisodeId,TopicId,Topic,Score
1,1519,Fiction,0.5798245566455255
1,2015,Humour,0.565154963605359
1,24031,Laughing,0.5587120401021765
1,16693,Flirting,0.5514098189505282
1,1163,Dating and Courtship,0.5487490108554022
1,2386,Kissing,0.5476185929151934
1,31929,Puns,0.5375100569837977
2,24031,Laughing,0.5670926949850333
2,1519,Fiction,0.5396488295397263
2,3670,Random,0.5368835039525462
2,2015,Humour,0.5324623233559991
2,1163,Dating and Courtship,0.5245519307933282
2,16693,Flirting,0.5177922292744715
2,2386,Kissing,0.5020113410774445
3,1519,Fiction,0.5752948787668408
3,16693,Flirting,0.5467889068909293
3,2015,Humour,0.5410619787298159
3,1058,Conversation,0.5293359847248368
3,1011,Comedy,0.5191660373215392
3,3149,"New York, New York",0.518317480633353
3,12044,Clubbing,0.5175239530566619
4,542,Birthdays,0.5605363859250879
4,24031,Laughing,0.554526494015948
4,12796,Crying,0.5494246289141599
4,2015,Humour,0.5357422200359075
4,1775,Gossip Girl,0.5234104618617423
4,1163,Dating and Courtship,0.5144731566012491
5,24031,Laughing,0.5930932767493686
5,1011,Comedy,0.5552623811471245
5,2972,Music,0.5517689789251489
5,30386,Partying,0.5500398801543964
5,12044,Clubbing,0.5492405534715248
5,1519,Fiction,0.5382319847679108
5,3670,Random,0.5278954636702887
6,2015,Humour,0.6075227627551649
6,24031,Laughing,0.5518165051151355
6,1852,Halloween,0.5424851241277868
6,29412,Nudity,0.5243461849448309
6,16693,Flirting,0.5226302788212904
6,1163,Dating and Courtship,0.5089471701629341
6,12685,Creative Writing,0.5064297587037191
7,31929,Puns,0.535392467183642
7,2015,Humour,0.5275541865443893
7,3670,Random,0.5050299808597847
7,3149,"New York, New York",0.5044915090428224
7,12823,Cuddling,0.5033536433633289
8,1519,Fiction,0.5571861058385389
8,3670,Random,0.5295766498654566
8,2015,Humour,0.5200350671063627
8,3636,Queens,0.5161259925654993
8,4300,Swords,0.5129525060767972
9,4391,Thanksgiving,0.5627379890537525
9,31929,Puns,0.5150026253764184
10,2015,Humour,0.5930426583582913
10,1519,Fiction,0.5732562247215691
10,3670,Random,0.5595146584804342
10,12685,Creative Writing,0.5592361644509777
10,24031,Laughing,0.5561102437588942
10,1645,Friendship,0.5395542177524686
10,31929,Puns,0.5376820195570293
11,2893,Moby,0.5980050352815406
11,3241,Numbers,0.5320142568940429
11,3112,New Year's Eve,0.5230292595570559
11,30386,Partying,0.5194538076055134
11,2015,Humour,0.5159787128690352
11,24031,Laughing,0.5084612538345765
11,2386,Kissing,0.5011297452649458
12,32652,Relationships,0.5699139547887404
12,1163,Dating and Courtship,0.5615347531837245
12,4036,Ska,0.5492749339888519
12,2386,Kissing,0.5313245226626891
12,4803,Wedding Resources,0.5177435907628503
12,3670,Random,0.5123188018475939
12,1011,Comedy,0.5080256813769173
13,1519,Fiction,0.5711672894136844
13,2015,Humour,0.5579552027440922
13,24031,Laughing,0.5560282034961918
13,12796,Crying,0.5319821093408691
13,2386,Kissing,0.5319051857875298
13,1645,Friendship,0.5252670287389827
13,3670,Random,0.5248800840805661
14,16693,Flirting,0.5359518672538726
14,34671,Seduction,0.5337505713242476
14,31929,Puns,0.5296707418654465
14,32652,Relationships,0.522265508955888
14,21,Abstinence,0.5110503304825744
14,20641,Intimacy,0.5061722474680185
15,869,Cheating,0.5436011601419516
15,4118,South Park,0.5205215066636953
15,1519,Fiction,0.51397664011085
15,32652,Relationships,0.5128597371120388
15,1163,Dating and Courtship,0.5097115578457844
15,2613,Lying,0.5094380201385955
16,1163,Dating and Courtship,0.5662147584065558
16,3670,Random,0.5552505339112115
16,32652,Relationships,0.5429006193160754
16,869,Cheating,0.5184050016028604
16,4688,Vanity Fair,0.5026765778329625
17,32089,R (programming language),0.5239385796783601
17,24031,Laughing,0.5234701270837662
18,24031,Laughing,0.5529824455427977
18,16693,Flirting,0.5479939074758745
18,869,Cheating,0.5451557251457307
18,1163,Dating and Courtship,0.5440887310281376
18,2015,Humour,0.5417505838603858
18,816,CBS,0.5319646271643744
18,42435,Webcomic,0.5270299616944287
19,1163,Dating and Courtship,0.5410357693246118
19,2015,Humour,0.5248015977641253
19,32652,Relationships,0.5124315621197322
19,16693,Flirting,0.5094087743892426
19,3670,Random,0.5074149088809388
19,24031,Laughing,0.5040834182622727
20,4036,Ska,0.5776682754838172
20,1163,Dating and Courtship,0.5372437365103517
20,3790,Rock Music,0.526888899348683
20,2077,Indie Rock,0.5137914088029941
20,3670,Random,0.5045887262956509
20,2480,Led Zeppelin,0.5027838779042889
21,1163,Dating and Courtship,0.511574619053862
23,24031,Laughing,0.5445600475382842
23,4170,Stalking ,0.5313688440938324
23,2015,Humour,0.5145351942189924
23,32652,Relationships,0.5081412763131238
23,12796,Crying,0.5033602908267845
24,32652,Relationships,0.5177250905482083
24,16693,Flirting,0.5121648612352487
24,4036,Ska,0.5100122729141005
24,24031,Laughing,0.5091346191623222
24,12685,Creative Writing,0.50737199076837
24,1058,Conversation,0.506337337631235
24,3900,"San Francisco, California",0.5004080761479989
25,1488,Families and Family Life,0.5715099775071563
25,1499,Father's Day,0.5524004334881096
25,27711,Motherhood,0.5430244129031337
25,3382,Parenting,0.5301494755185815
25,2015,Humour,0.5063814793614007
26,869,Cheating,0.5047381525222111
27,32652,Relationships,0.5469143688792936
27,2015,Humour,0.5334369174886365
27,16693,Flirting,0.5295954964759353
27,24031,Laughing,0.5233302905845569
27,1163,Dating and Courtship,0.5135060102136606
27,1488,Families and Family Life,0.5056882562615278
30,24031,Laughing,0.5277262733286496
30,16693,Flirting,0.5016062110560295
31,3670,Random,0.5366236399407263
31,12796,Crying,0.5330341952481993
31,16693,Flirting,0.5271594000126395
31,24031,Laughing,0.511302413407309
31,1645,Friendship,0.5089386995760327
31,4118,South Park,0.505638115127491
31,40,Adultery,0.5046858357291029
32,32047,Queer,0.5322098875491916
32,17548,Gays,0.5273685532245297
32,2761,Men,0.5182860426603328
32,16693,Flirting,0.50535054768515
32,32652,Relationships,0.5046313405628814
32,1488,Families and Family Life,0.5010632203233639
33,12685,Creative Writing,0.5531927207738031
33,31929,Puns,0.5411405074952346
33,2015,Humour,0.5283459321813618
33,1645,Friendship,0.5259454891320953
33,1059,Cookies,0.515476189947618
33,927,Christmas,0.5153741875407047
33,1952,Holidays and Special Occasions,0.5093604323654863
34,1410,Empire State Building,0.6038297506293256
34,1163,Dating and Courtship,0.5333254979917018
34,4118,South Park,0.5215660125810532
34,32652,Relationships,0.5214430200503455
34,3149,"New York, New York",0.5208709866517943
35,542,Birthdays,0.5228955439035902
35,3240,Nudism and Nudity,0.5210341080300613
35,24031,Laughing,0.5111360695919368
35,31929,Puns,0.5078671594454925
35,42435,Webcomic,0.5026204888780325
36,3165,NFL,0.5210217779220131
36,4269,Super Bowl,0.5162191720210585
38,2015,Humour,0.5415365011758955
38,1163,Dating and Courtship,0.5303586654440361
38,4940,Yelp,0.5264424792116754
38,32652,Relationships,0.516150981262807
38,1645,Friendship,0.5160476800922461
38,4118,South Park,0.5064731638795738
38,4410,Theater,0.5036291606328585
39,33059,Road Trips,0.5452518696470021
39,4118,South Park,0.5175396969675142
39,31929,Puns,0.5156593923033077
39,14646,Driving,0.5121371645992671
39,24031,Laughing,0.5048036913078046
39,1645,Friendship,0.5025483995671093
40,4036,Ska,0.5870104821960468
40,2015,Humour,0.5330166426979872
40,3670,Random,0.5228585623512751
40,4118,South Park,0.5193338692727923
42,1488,Families and Family Life,0.5426786765702492
42,24031,Laughing,0.5299624674193556
42,40149,Toast,0.5207234760095567
43,4803,Wedding Resources,0.5317799496650478
43,3670,Random,0.5142330407324259
43,24031,Laughing,0.5008179071836919
44,1519,Fiction,0.5026256986384643
44,3385,Paris Hilton,0.5009216561564092
45,24031,Laughing,0.5451391841613338
45,4328,Tattoos,0.5354035668955212
45,31929,Puns,0.5245716657700804
45,16693,Flirting,0.5232224298668501
45,3670,Random,0.5084741415838596
45,1519,Fiction,0.5031578985173177
46,2015,Humour,0.5551138178246537
46,3670,Random,0.5378872769844439
46,3149,"New York, New York",0.5335980329923681
46,1645,Friendship,0.5080165349725229
46,9536,Boredom,0.505803518590364
46,4124,Southern,0.5038305297069854
46,24031,Laughing,0.5002176814395205
47,31929,Puns,0.5644874789549017
47,24031,Laughing,0.563750728496255
47,2015,Humour,0.5574023334620054
47,1519,Fiction,0.5336284519326913
47,3670,Random,0.5296161496793652
47,1533,Fingers,0.5239536831473689
47,1011,Comedy,0.5155287099408193
48,2015,Humour,0.5709863197491439
48,24031,Laughing,0.5362650486353646
48,1163,Dating and Courtship,0.5235379529406752
48,4036,Ska,0.5212546563622371
48,31929,Puns,0.5199499152021196
48,3149,"New York, New York",0.5070258705584404
49,1519,Fiction,0.5805492382995713
49,1163,Dating and Courtship,0.5686826055160537
49,2015,Humour,0.5558813166642079
49,12685,Creative Writing,0.5383525700770462
49,24031,Laughing,0.5334475859816769
49,3164,Next,0.5240836660893997
49,3670,Random,0.5193652959383137
50,3670,Random,0.5071148826735754
51,2015,Humour,0.5222746640933431
51,4118,South Park,0.50792782428183
52,2015,Humour,0.553419380822771
52,24031,Laughing,0.5004729827574949
53,4391,Thanksgiving,0.5579827583455779
53,24031,Laughing,0.5429535283896246
53,3670,Random,0.5301014619074653
53,2015,Humour,0.520036389279639
53,748,Canada,0.5024617108571726
54,2761,Men,0.5213509868899165
54,3670,Random,0.5174966696736335
54,2015,Humour,0.5118801425985896
54,16693,Flirting,0.5106043709379244
55,16693,Flirting,0.5456711594414245
55,24031,Laughing,0.5338533426558488
55,1163,Dating and Courtship,0.5160483201741087
55,12796,Crying,0.5057142547753365
57,16693,Flirting,0.5415096310662804
57,4118,South Park,0.5327090591532251
57,2015,Humour,0.518483261018393
57,31929,Puns,0.5160349833175459
57,1163,Dating and Courtship,0.5142991402762062
57,4328,Tattoos,0.5037600095492308
57,24031,Laughing,0.5018269822139568
58,1519,Fiction,0.520637410460231
58,16693,Flirting,0.5052056204640574
58,4118,South Park,0.5034747373181957
58,3241,Numbers,0.5016916715019143
59,689,Bullies,0.5150154503359617
59,24031,Laughing,0.5093820502252853
59,31767,Procrastination,0.5075553512531349
59,1499,Father's Day,0.501508200857525
59,27711,Motherhood,0.5004617139788385
60,24031,Laughing,0.5446907309880875
60,3790,Rock Music,0.5364644241548508
60,4036,Ska,0.5279134194689871
60,4118,South Park,0.5101516217807962
61,4118,South Park,0.5073582852529767
62,24031,Laughing,0.5419161469074925
62,4118,South Park,0.5352704677585794
62,2015,Humour,0.5281450434120732
62,3670,Random,0.5274945351057273
62,12796,Crying,0.5261868851775199
62,31929,Puns,0.5151618413029037
63,3360,Paints and Painting,0.5246055135257227
63,4118,South Park,0.5234981969533766
63,4448,TMZ,0.521126137603173
63,1163,Dating and Courtship,0.5173763987475314
63,42435,Webcomic,0.5029224019995543
64,1488,Families and Family Life,0.5398481315546255
64,2015,Humour,0.5361245174106646
64,32652,Relationships,0.5161419911958384
64,3382,Parenting,0.5138140464833516
64,1645,Friendship,0.5099120539081038
64,3670,Random,0.5088221845927533
64,42435,Webcomic,0.5087715190694644
65,2386,Kissing,0.5178622030161381
65,24031,Laughing,0.5093231242369817
65,4185,Star Wars,0.5068084639073863
66,695,Burgers,0.5869477789760168
66,1856,Hamburgers,0.5177933769939411
66,3249,NYC Food,0.5142092269095343
66,3113,New York,0.5050233522672545
67,3113,New York,0.5206782203893596
67,3149,"New York, New York",0.5051095879456252
69,1488,Families and Family Life,0.5445132106255752
70,2386,Kissing,0.538641015924557
70,16693,Flirting,0.5124620565336359
70,1645,Friendship,0.5081443074707584
70,1519,Fiction,0.506698464542771
71,1499,Father's Day,0.5748073715087999
71,1488,Families and Family Life,0.5474931501292265
71,386,Babies,0.529334040830419
71,3670,Random,0.5166571898396256
71,27711,Motherhood,0.5132143819961577
71,3382,Parenting,0.510282024231255
71,12796,Crying,0.5090548338486862
73,1163,Dating and Courtship,0.5471802636562605
73,32652,Relationships,0.5468217693666608
73,3240,Nudism and Nudity,0.5401634635493806
73,24031,Laughing,0.5350361540200764
73,16693,Flirting,0.5302688975173739
73,1011,Comedy,0.5234289286508789
73,2598,Love,0.5222000564360272
74,12685,Creative Writing,0.5381207417426312
74,2015,Humour,0.5326740830819355
74,1519,Fiction,0.5158177724505757
74,1011,Comedy,0.5055141612930537
74,4118,South Park,0.5019361973089361
74,24031,Laughing,0.5003756694654491
75,2858,Minnesota,0.5147722244773002
76,1645,Friendship,0.5297589447197271
76,2598,Love,0.5211625341437839
76,12796,Crying,0.5179813932989101
76,31767,Procrastination,0.5154486455350996
76,3382,Parenting,0.5152765760225331
76,3670,Random,0.5036540270740407
76,32652,Relationships,0.5020328596845992
77,32652,Relationships,0.5174509678599137
77,2015,Humour,0.5014214763517707
79,1488,Families and Family Life,0.5704421209115906
79,3382,Parenting,0.5327407778434752
79,4410,Theater,0.531679117988102
79,12796,Crying,0.5217663974416292
79,27711,Motherhood,0.5213324089568907
79,2936,Mother's Day,0.5162470905732539
79,5618,Acting,0.5044268183147974
80,2015,Humour,0.5263885222989414
80,24031,Laughing,0.512335588602971
80,1011,Comedy,0.5051357003539519
80,2386,Kissing,0.5002166179189323
81,32652,Relationships,0.543545034181359
81,1519,Fiction,0.5144725180321386
81,1011,Comedy,0.5087320994913423
83,24031,Laughing,0.5178044466664797
83,3382,Parenting,0.5103932260728107
84,2015,Humour,0.5038310595827447
85,2015,Humour,0.6181303432391383
85,37745,Texting,0.5594372436725438
85,1163,Dating and Courtship,0.5478158648671149
85,3670,Random,0.53860175020644
85,16693,Flirting,0.5383409156756118
85,24031,Laughing,0.5312462322719169
85,12823,Cuddling,0.522495036526014
87,31929,Puns,0.515735589488865
87,1488,Families and Family Life,0.5035343235788521
87,2613,Lying,0.5011304035060538
88,1519,Fiction,0.5130359942161337
89,2386,Kissing,0.5626982137070883
89,3670,Random,0.5543332803761643
89,1163,Dating and Courtship,0.5485994520825164
89,16693,Flirting,0.5482184357010711
89,24031,Laughing,0.5386322253835946
89,1645,Friendship,0.5220270844469123
89,4118,South Park,0.5220200009371159
90,3670,Random,0.5837795338822349
90,24031,Laughing,0.5685973411851023
90,1163,Dating and Courtship,0.5529702993702799
90,2015,Humour,0.5218630865897433
90,32652,Relationships,0.5160503835416722
90,1011,Comedy,0.5109342445854813
90,31929,Puns,0.5078134239934183
91,24031,Laughing,0.5630170567538718
91,869,Cheating,0.561817746662726
91,16693,Flirting,0.5316557636790509
91,3670,Random,0.5054780131949475
91,2015,Humour,0.5039783916308669
92,3670,Random,0.5499669109599641
92,2015,Humour,0.5455688979144407
92,8449,Beards,0.5294874953247599
92,24031,Laughing,0.5177871764577963
93,1519,Fiction,0.5009956052245357
94,1645,Friendship,0.507018790614896
94,27711,Motherhood,0.501354661231213
96,16693,Flirting,0.5059462461658516
96,1519,Fiction,0.5019870819330543
97,1488,Families and Family Life,0.5368616705793239
97,1791,Grandparents,0.5183611172050372
97,1519,Fiction,0.5156091715570945
97,3382,Parenting,0.5147345705419196
97,3670,Random,0.503343046274939
98,1519,Fiction,0.5326732434893563
98,32652,Relationships,0.5229863822608113
98,16693,Flirting,0.5109549307594217
98,2015,Humour,0.5058820729542975
100,1775,Gossip Girl,0.5315211612710172
100,16693,Flirting,0.5258097195548437
100,2761,Men,0.5233790747372162
100,1305,Dreams,0.513277376498676
100,34671,Seduction,0.5051429799136251
100,27711,Motherhood,0.5012952832718768
101,16693,Flirting,0.507454939625413
103,16693,Flirting,0.542229388319713
103,4676,Valentine's Day,0.539340568939863
103,1163,Dating and Courtship,0.5347344854622892
103,40,Adultery,0.5338189697110814
103,12823,Cuddling,0.5045253836940097
103,32652,Relationships,0.5033347118849132
103,4031,Single Persons,0.5011365636302293
104,16693,Flirting,0.5196576304158815
105,1163,Dating and Courtship,0.556950646038464
105,16693,Flirting,0.5323605441017659
105,32652,Relationships,0.5113558921323939
105,1437,Erotica,0.5108821509074601
105,35372,Singing,0.5106286546829493
105,12796,Crying,0.5079963535065578
106,3670,Random,0.5707206622348847
106,542,Birthdays,0.5308869520648247
106,1488,Families and Family Life,0.51809298878622
106,12883,Cuteness,0.5140773758749877
106,3385,Paris Hilton,0.5073362641908268
107,2613,Lying,0.5362681730455076
107,2015,Humour,0.5217088540917988
107,3963,"Seattle, Washington",0.5170143012592765
108,31929,Puns,0.5375710765716036
108,1488,Families and Family Life,0.5238160415492893
108,24031,Laughing,0.5198468834190136
108,2015,Humour,0.5163531318350741
108,27711,Motherhood,0.5097458383374219
108,4118,South Park,0.5029556469935421
109,8476,Bed,0.5806449111414506
109,3670,Random,0.5252462159260328
109,1645,Friendship,0.5236481720374989
109,2015,Humour,0.5220437298522006
109,1163,Dating and Courtship,0.5077606230116102
109,32652,Relationships,0.5025172044489372
111,1011,Comedy,0.5336154653568486
111,2386,Kissing,0.5169213662834785
112,1011,Comedy,0.5322207955782657
112,2386,Kissing,0.5174314880483677
113,1163,Dating and Courtship,0.546717497024548
113,27711,Motherhood,0.5299759370148819
113,16693,Flirting,0.5269950740245017
113,4118,South Park,0.5241588613520467
113,3670,Random,0.5107892154762972
113,1499,Father's Day,0.5047305145295828
113,4170,Stalking ,0.5013892055182062
114,3382,Parenting,0.5655556446853262
114,1488,Families and Family Life,0.5442364309687733
114,27711,Motherhood,0.5385290002868616
114,3670,Random,0.536827804811947
114,24031,Laughing,0.5211190155366068
114,1499,Father's Day,0.5143433972350371
114,12883,Cuteness,0.5130157903198559
115,3670,Random,0.5430704106897886
116,31767,Procrastination,0.5108601896024489
116,4252,Subways,0.5097720065973346
117,1163,Dating and Courtship,0.5420767126179136
117,2015,Humour,0.5236190584512026
117,1645,Friendship,0.5112958573804581
117,4062,Snakes,0.5055784049963334
118,1511,Feminism,0.525478282560834
118,3670,Random,0.5210710446588567
118,4118,South Park,0.5205874480860105
118,27711,Motherhood,0.516090193146629
118,3382,Parenting,0.5158722415424329
118,1163,Dating and Courtship,0.5103359155782571
118,1645,Friendship,0.5094494523129887
119,24031,Laughing,0.5601495561083654
119,2015,Humour,0.5128363242420371
119,4118,South Park,0.5059511342241323
119,35582,Smiling,0.5002511883063229
120,2015,Humour,0.5265510687031546
121,1645,Friendship,0.5385588025748776
121,18040,Glitter,0.5294938530041152
121,3382,Parenting,0.528971335410553
121,1775,Gossip Girl,0.5185660049630167
121,4118,South Park,0.5160952904867669
121,27711,Motherhood,0.5050270297284638
122,2015,Humour,0.6066964707372546
122,1011,Comedy,0.5469214984003534
122,4118,South Park,0.53522675698296
122,4964,Zombies,0.5253557233930256
122,12796,Crying,0.5214621697542525
122,1519,Fiction,0.5197272241006103
122,24031,Laughing,0.5155861111552581
123,1645,Friendship,0.5570655614361758
123,2015,Humour,0.5499092841298684
123,3670,Random,0.5355713930285924
123,27711,Motherhood,0.522814263530734
123,12685,Creative Writing,0.5031882672971726
124,24031,Laughing,0.5478768201809536
124,2015,Humour,0.5388064727714094
124,1866,Happiness,0.5211601083248392
124,3382,Parenting,0.5140478042398247
125,3382,Parenting,0.5349891623836496
125,4118,South Park,0.5014936765462759
126,2015,Humour,0.5855212640163426
126,24031,Laughing,0.5561004050861864
126,27711,Motherhood,0.5407434939575276
126,1499,Father's Day,0.5393744567649658
126,12883,Cuteness,0.525906727037931
126,1163,Dating and Courtship,0.5228000570237819
126,1194,Death and Dying,0.5085781127120668
127,1645,Friendship,0.5549054959202634
127,1488,Families and Family Life,0.5498628668259231
127,1973,Honey,0.5451550845647426
127,1011,Comedy,0.5344896475639017
127,12796,Crying,0.5227000191508057
127,2015,Humour,0.5144375369609191
127,1058,Conversation,0.5104956911812195
128,4676,Valentine's Day,0.6151233197854131
128,31929,Puns,0.5519095143800764
128,1163,Dating and Courtship,0.5398304933245491
129,1163,Dating and Courtship,0.5233946372603662
129,42435,Webcomic,0.5161003196333518
129,3241,Numbers,0.5083703855611903
130,1163,Dating and Courtship,0.5940192811349428
130,2015,Humour,0.5398347479166749
130,12883,Cuteness,0.5284687944467553
130,1488,Families and Family Life,0.5225107312653801
130,3192,Nora Ephron,0.5217655135638096
130,16693,Flirting,0.518455038956659
130,4940,Yelp,0.5104693233575026
131,2015,Humour,0.5521388458609041
131,24031,Laughing,0.5287457842995302
131,1499,Father's Day,0.5236343832365312
131,3975,Seinfeld,0.5175069195354995
131,1488,Families and Family Life,0.5099926061689672
131,1011,Comedy,0.5086659155242691
131,1519,Fiction,0.5020462138507786
132,2015,Humour,0.5187173348398163
132,24031,Laughing,0.5085614298262808
133,24031,Laughing,0.5572107046873662
133,4036,Ska,0.5321882120397126
133,30386,Partying,0.5192287612840736
133,3975,Seinfeld,0.512509248197498
133,2015,Humour,0.5022310195477856
133,1163,Dating and Courtship,0.5005192665390478
134,1163,Dating and Courtship,0.5084610640709232
134,4118,South Park,0.5040546181024768
134,32652,Relationships,0.5026970380104188
135,42435,Webcomic,0.5377553424666588
135,2015,Humour,0.5347419652859393
135,24031,Laughing,0.5270440303241489
135,1755,Glenn Beck,0.5086825235890987
135,3149,"New York, New York",0.5078116583002988
135,1011,Comedy,0.5060951198547554
136,31767,Procrastination,0.5244587687926879
136,3670,Random,0.5101628856833378
137,40149,Toast,0.5228436354272085
138,24031,Laughing,0.5421694847009184
138,3670,Random,0.5268643030170325
138,1163,Dating and Courtship,0.5244885163462892
139,24031,Laughing,0.5422222697231991
139,3670,Random,0.5275119104609757
139,1163,Dating and Courtship,0.5243404664823539
140,9745,Breasts,0.5121101482050784
140,27711,Motherhood,0.508321132835094
141,1163,Dating and Courtship,0.517899857126773
142,24031,Laughing,0.5535618465237269
142,3670,Random,0.5415308186164036
142,4118,South Park,0.5173509748031839
142,2015,Humour,0.5088209735404559
142,3382,Parenting,0.5084738181751343
143,3670,Random,0.5718670511282714
143,24031,Laughing,0.533364142742933
143,4118,South Park,0.5270119419639566
143,3382,Parenting,0.522401156810401
143,1163,Dating and Courtship,0.5053396062692643
143,2015,Humour,0.502663951742247
144,3670,Random,0.5353725424473941
144,1852,Halloween,0.5208938465039439
144,3382,Parenting,0.5041620508237465
144,2386,Kissing,0.5025359766526805
145,3670,Random,0.5084122898347919
145,24031,Laughing,0.5044491158611598
146,32652,Relationships,0.5785920312979949
146,4036,Ska,0.5679534035274945
146,1163,Dating and Courtship,0.5489073919333756
146,24031,Laughing,0.5427860484439135
146,869,Cheating,0.5363036476741128
146,1645,Friendship,0.5306552202525252
146,3382,Parenting,0.5293719019611437
147,3670,Random,0.5741564283958851
147,3382,Parenting,0.5683221155498831
147,1488,Families and Family Life,0.554256103927706
147,3149,"New York, New York",0.54850627752534
147,27711,Motherhood,0.5417212806931799
147,1163,Dating and Courtship,0.5414923545064824
147,1011,Comedy,0.5225940608224361
148,3382,Parenting,0.5263918230258972
148,27711,Motherhood,0.5248954991104484
148,2015,Humour,0.5214902254054639
148,1488,Families and Family Life,0.514866316127371
148,1011,Comedy,0.5143397033180838
148,3670,Random,0.5092496351622992
148,386,Babies,0.5040657554578436
150,2015,Humour,0.52613524927709
150,3670,Random,0.5223264814456743
150,42435,Webcomic,0.5177809289472696
151,1011,Comedy,0.5380131059601998
151,24031,Laughing,0.5316602597952289
151,387,Bacon,0.5011918825901153
151,1163,Dating and Courtship,0.5000344139468412
152,32652,Relationships,0.5556024481368163
152,24031,Laughing,0.5362093589745704
152,1645,Friendship,0.526489024678616
152,16693,Flirting,0.5227516549063091
152,1163,Dating and Courtship,0.5180248944053705
152,14639,Drinking,0.5168982784336837
152,12796,Crying,0.5162863648771271
153,1163,Dating and Courtship,0.5316932205441954
153,2015,Humour,0.5051923701106557
153,1645,Friendship,0.5044781974787239
154,1163,Dating and Courtship,0.5614064092824796
154,4036,Ska,0.5193780198239878
154,24031,Laughing,0.507383609467237
154,32652,Relationships,0.5060531911418147
154,3515,Poetry,0.5039944197409697
154,31929,Puns,0.5006325178872527
154,2972,Music,0.5000520301151443
155,1163,Dating and Courtship,0.5372845537854991
155,3670,Random,0.5281023126874765
155,1011,Comedy,0.5260674284031792
155,42435,Webcomic,0.5258892071627583
155,24031,Laughing,0.5161555167734142
155,2015,Humour,0.5086629724708148
155,1645,Friendship,0.5069380927058779
156,3670,Random,0.6014139758592871
156,1163,Dating and Courtship,0.552759789627707
156,1488,Families and Family Life,0.5285244005041673
156,4185,Star Wars,0.5267903471359275
156,4036,Ska,0.5116416513317247
156,3790,Rock Music,0.5075616317208493
156,2015,Humour,0.506649433806435
157,1163,Dating and Courtship,0.5470080629832782
157,4036,Ska,0.5165214856711559
158,3382,Parenting,0.5621796225499992
158,1163,Dating and Courtship,0.5546192994565838
158,27711,Motherhood,0.5529770225411741
158,3670,Random,0.5397180352569031
158,2598,Love,0.5210604955538911
158,16693,Flirting,0.5171159622330199
158,24031,Laughing,0.5166643041547665
159,24031,Laughing,0.5807983613840068
159,3382,Parenting,0.5752249061688339
159,2015,Humour,0.554034592640158
159,1163,Dating and Courtship,0.537395979772556
159,27711,Motherhood,0.5133069123054927
159,1488,Families and Family Life,0.5102445543609622
159,12883,Cuteness,0.509241696675577
160,2015,Humour,0.5386297080774115
160,1163,Dating and Courtship,0.5189742353919334
160,3670,Random,0.5082349271509917
160,16693,Flirting,0.5069934600557889
160,31929,Puns,0.5019716716371984
161,2015,Humour,0.5672692685835152
161,1163,Dating and Courtship,0.5527181996286098
161,2386,Kissing,0.5493704092884913
161,1645,Friendship,0.5372219361754424
161,869,Cheating,0.5352280060469146
161,12685,Creative Writing,0.5347935201046449
161,1519,Fiction,0.5339515509962824
162,1272,Divorce,0.5591980290380345
162,1011,Comedy,0.5480313491615486
162,1163,Dating and Courtship,0.5407386353452517
162,32652,Relationships,0.5249509627620875
162,1120,"Customs, Etiquette and Manners",0.5139678767552726
162,24031,Laughing,0.5092853390265751
162,3382,Parenting,0.5079345157903729
163,24031,Laughing,0.5446371963557683
163,3382,Parenting,0.5390186792864645
163,1163,Dating and Courtship,0.5271777421398447
163,27711,Motherhood,0.5210695688039872
164,3382,Parenting,0.5316586046894637
164,31929,Puns,0.5310247847076537
164,24031,Laughing,0.5306256916542674
164,1645,Friendship,0.5117637242271622
164,1163,Dating and Courtship,0.5061273067088896
165,24031,Laughing,0.5818538746070151
165,32652,Relationships,0.5324568091470739
165,1645,Friendship,0.5230554340381902
165,3164,Next,0.5099376285588407
165,1163,Dating and Courtship,0.5089747559844647
165,2015,Humour,0.5047262348317484
165,1011,Comedy,0.504242200935528
166,3670,Random,0.5591121320970467
166,1645,Friendship,0.5068225930747935
166,12796,Crying,0.501856289470896
166,2015,Humour,0.5006534869106923
167,24031,Laughing,0.5335653703462081
167,1011,Comedy,0.5123266040089525
168,3670,Random,0.5067743913153426
168,24031,Laughing,0.5050527280497529
169,24031,Laughing,0.5513867946777485
169,1163,Dating and Courtship,0.5318796399923488
169,12796,Crying,0.5303425803061211
169,16693,Flirting,0.5259255264286048
169,2015,Humour,0.5217357369829954
169,3382,Parenting,0.5042177863453889
170,24031,Laughing,0.5474807928653448
170,3382,Parenting,0.5234304028437173
170,4118,South Park,0.5111589696557421
170,31929,Puns,0.5016113502351911
170,1163,Dating and Courtship,0.5006164405037645
171,42435,Webcomic,0.5230083921193464
171,2015,Humour,0.5113097852094475
171,12685,Creative Writing,0.5107739333002309
171,24031,Laughing,0.5056853392452672
172,42435,Webcomic,0.5234534450140184
172,2015,Humour,0.5119041500536747
172,12685,Creative Writing,0.5104214120498304
172,24031,Laughing,0.5077944280692465
173,3382,Parenting,0.5388710042843731
173,1645,Friendship,0.5376478965959133
173,24031,Laughing,0.5352962915298745
173,1488,Families and Family Life,0.5209503466115285
173,1120,"Customs, Etiquette and Manners",0.5186829267944153
173,2015,Humour,0.5134135096302818
173,35582,Smiling,0.5076906517372733
174,2972,Music,0.5251799383755358
174,24031,Laughing,0.5179572970306665
174,3670,Random,0.514223246732228
174,4036,Ska,0.5075459370576518
174,3790,Rock Music,0.5071440886627917
174,4688,Vanity Fair,0.5034670101410941
175,4170,Stalking ,0.5470083640457596
175,24031,Laughing,0.5454130126393796
175,12796,Crying,0.5314078868303155
175,2015,Humour,0.5264704386350525
175,1011,Comedy,0.5247257020798187
175,1163,Dating and Courtship,0.5174032357967083
175,1519,Fiction,0.5171704887194813
176,24031,Laughing,0.5227549321291048
176,2015,Humour,0.5176564581729707
176,12796,Crying,0.511745177114979
176,32089,R (programming language),0.510650230728882
176,3670,Random,0.5100058729181471
176,1011,Comedy,0.5085978136352035
176,2972,Music,0.5015317120825047
177,3860,Sailing,0.5228605852824876
177,7430,Art History,0.5164397121410975
177,20641,Intimacy,0.515541029647468
177,16554,Fine Arts,0.5131673640027791
177,3360,Paints and Painting,0.5108598002367764
177,2015,Humour,0.5081669759849007
177,31929,Puns,0.5038740838169794
178,1163,Dating and Courtship,0.5589345705292086
178,2015,Humour,0.5266169569270596
178,1011,Comedy,0.5039867525401637
179,31929,Puns,0.5165295475902864
179,24031,Laughing,0.5009727214997063
180,12685,Creative Writing,0.5180962956663524
180,1519,Fiction,0.5170034061309692
180,2015,Humour,0.5162264466073222
180,36681,Storytelling,0.515905520013336
180,21,Abstinence,0.5129979233305348
180,1163,Dating and Courtship,0.5121709057493297
180,16693,Flirting,0.5110484655076515
181,3670,Random,0.5218708307128519
181,557,Blogs and Blogging,0.5133999977362684
181,16693,Flirting,0.5128210983364878
182,2015,Humour,0.5667866138809704
182,1011,Comedy,0.5447089497608448
182,24031,Laughing,0.5430844231219057
182,1645,Friendship,0.5129355283536848
182,16693,Flirting,0.5103396609797379
183,42435,Webcomic,0.5103380312806023
183,4688,Vanity Fair,0.5064168565296244
183,24031,Laughing,0.5032899474309541
183,1645,Friendship,0.500731234021037
184,42435,Webcomic,0.5193798908268332
184,24031,Laughing,0.5056296713405664
185,2015,Humour,0.5374748157444829
185,1163,Dating and Courtship,0.5167363954907871
185,3670,Random,0.5105604315894137
185,33059,Road Trips,0.5096597896252305
185,1645,Friendship,0.507302213431028
185,1488,Families and Family Life,0.5027647609828871
185,24031,Laughing,0.5010240212135969
186,2015,Humour,0.5358892863296976
186,1163,Dating and Courtship,0.5179494165059472
186,3670,Random,0.5107168640523055
186,33059,Road Trips,0.5084054298568952
186,1645,Friendship,0.5069195005766828
186,1488,Families and Family Life,0.5035639584376548
186,24031,Laughing,0.5021448183787048
187,42435,Webcomic,0.5057021610711898
188,3670,Random,0.5554417742383564
188,24031,Laughing,0.5281319813425419
188,12796,Crying,0.526996693853405
188,1645,Friendship,0.5236963842398892
188,4118,South Park,0.5117330499169741
188,2015,Humour,0.504678118997823
189,1120,"Customs, Etiquette and Manners",0.5359285310652554
189,4803,Wedding Resources,0.5349802430294804
189,27711,Motherhood,0.5257830436820112
189,24031,Laughing,0.5174607637604514
189,1645,Friendship,0.5141485580640129
189,1488,Families and Family Life,0.5129845166835736
189,2015,Humour,0.5121154106399173
190,1163,Dating and Courtship,0.5614375988285819
190,12796,Crying,0.551514295808911
190,869,Cheating,0.5435868146225808
190,1305,Dreams,0.5406270436979557
190,16693,Flirting,0.5242756716397282
190,40,Adultery,0.5185857556375134
190,1519,Fiction,0.5132197773125073
191,1519,Fiction,0.5346894277176724
191,2015,Humour,0.529211084757146
191,1743,Ghosts,0.5213377907957067
191,37745,Texting,0.5082593147614809
191,4170,Stalking ,0.5003673106214855
192,3382,Parenting,0.5323491143370649
192,27711,Motherhood,0.5311363010144926
192,24031,Laughing,0.5206968550466597
192,31929,Puns,0.5140147915522171
192,12796,Crying,0.5137272782831332
192,1367,Eggs,0.5095124776307957
192,1011,Comedy,0.5092963294844279
193,12796,Crying,0.5564898750429911
193,4036,Ska,0.522314474957769
193,3241,Numbers,0.5213191439039404
193,4118,South Park,0.5059363146310024
193,12685,Creative Writing,0.5051646497161048
194,2015,Humour,0.5343047027330734
194,1488,Families and Family Life,0.5227416118418737
194,27711,Motherhood,0.5089331434229684
194,1519,Fiction,0.5076081375251512
194,2972,Music,0.5001240883769014
195,1645,Friendship,0.5749911451617687
195,12685,Creative Writing,0.5423469059907033
195,31929,Puns,0.5334896928508414
195,24031,Laughing,0.5303311190304981
195,2015,Humour,0.530140291722649
195,3670,Random,0.5291305347429665
195,1163,Dating and Courtship,0.5179977307698932
196,24031,Laughing,0.533592414169297
196,1645,Friendship,0.5167824479024905
197,1645,Friendship,0.5547373117273819
197,12796,Crying,0.5483608367318767
197,24031,Laughing,0.5438989849557259
197,2015,Humour,0.5365591878224828
197,4036,Ska,0.5341875016546835
197,3670,Random,0.510499395019906
197,1305,Dreams,0.5000197955657317
198,23592,Kung Fu,0.5262444241215815
198,24031,Laughing,0.5009450243193971
199,3900,"San Francisco, California",0.5416585529549844
199,1488,Families and Family Life,0.5400497620463115
199,4036,Ska,0.5184394914866503
199,27711,Motherhood,0.5179911662774048
199,24031,Laughing,0.5086528600303967
199,1791,Grandparents,0.5068707156462268
200,1163,Dating and Courtship,0.5386746012282553
200,24031,Laughing,0.5370195479783293
200,4036,Ska,0.518693080370404
200,40995,Ukulele,0.5090691860314464
201,1645,Friendship,0.6019985042199008
201,1163,Dating and Courtship,0.5714705645110228
201,32652,Relationships,0.5408599292071475
201,3670,Random,0.5408208914857562
201,4118,South Park,0.5241506635953278
201,16693,Flirting,0.5190220769867517
201,1305,Dreams,0.5179777291261723
203,4803,Wedding Resources,0.5598522459888339
203,1645,Friendship,0.5476092358582644
203,2015,Humour,0.5398096924255522
203,42453,Wedding Photography,0.5290989409809838
203,4118,South Park,0.5255984256521752
203,24031,Laughing,0.5164590673841564
204,2015,Humour,0.5386612321083372
204,24031,Laughing,0.5021500901880316
205,2015,Humour,0.5527817510940823
205,1163,Dating and Courtship,0.5277000530748721
205,24031,Laughing,0.5184625123599709
206,2015,Humour,0.5581299590725418
206,12796,Crying,0.5323755489061597
206,1163,Dating and Courtship,0.5230078322118086
206,27711,Motherhood,0.5180653683358873
206,3670,Random,0.5141009807979441
206,24031,Laughing,0.5117589028869045
207,24031,Laughing,0.5323267714313631
207,12796,Crying,0.5244290983293313
207,42435,Webcomic,0.5153560890341603
207,2972,Music,0.5005240318360489
208,24031,Laughing,0.5323267714313631
208,12796,Crying,0.5244290983293313
208,42435,Webcomic,0.5153560890341603
208,2972,Music,0.5005240318360489
